-- phpMyAdmin SQL Dump
-- version 3.3.9
-- http://www.phpmyadmin.net
--
-- Servidor: localhost
-- Tiempo de generación: 22-06-2015 a las 22:49:27
-- Versión del servidor: 5.5.8
-- Versión de PHP: 5.3.5

SET SQL_MODE="NO_AUTO_VALUE_ON_ZERO";


/*!40101 SET @OLD_CHARACTER_SET_CLIENT=@@CHARACTER_SET_CLIENT */;
/*!40101 SET @OLD_CHARACTER_SET_RESULTS=@@CHARACTER_SET_RESULTS */;
/*!40101 SET @OLD_COLLATION_CONNECTION=@@COLLATION_CONNECTION */;
/*!40101 SET NAMES utf8 */;

--
-- Base de datos: `monitoreo`
--

-- --------------------------------------------------------

--
-- Estructura de tabla para la tabla `bienes`
--

CREATE TABLE IF NOT EXISTS `bienes` (
  `id_pi` int(11) NOT NULL,
  `nombres` varchar(45) NOT NULL,
  `modelo` varchar(45) NOT NULL,
  `marca` varchar(45) NOT NULL,
  `serial` varchar(45) NOT NULL,
  `fecha` datetime NOT NULL,
  `usuarios_id_documento` int(11) NOT NULL
) ENGINE=InnoDB DEFAULT CHARSET=utf8;

--
-- Volcar la base de datos para la tabla `bienes`
--

INSERT INTO `bienes` (`id_pi`, `nombres`, `modelo`, `marca`, `serial`, `fecha`, `usuarios_id_documento`) VALUES
(3, '6', '', '', '', '0000-00-00 00:00:00', 0),
(12345678, 'computador', 'cnu204nzy', 'hp_1', '123456789', '2015-04-14 10:52:53', 1012403403);

-- --------------------------------------------------------

--
-- Estructura de tabla para la tabla `departamentos`
--

CREATE TABLE IF NOT EXISTS `departamentos` (
  `id` int(11) NOT NULL DEFAULT '0',
  `nombre` varchar(45) DEFAULT NULL
) ENGINE=InnoDB DEFAULT CHARSET=utf8;

--
-- Volcar la base de datos para la tabla `departamentos`
--

INSERT INTO `departamentos` (`id`, `nombre`) VALUES
(1, 'ANTIOQUIA'),
(3, 'ATLANTICO'),
(5, 'BOLIVAR'),
(7, 'BOYACA'),
(9, 'CALDAS'),
(11, 'CAUCA'),
(12, 'CESAR'),
(13, 'CORDOBA'),
(15, 'CUNDINAMARCA'),
(16, 'BOGOTA D.C.'),
(17, 'CHOCO'),
(19, 'HUILA'),
(21, 'MAGDALENA'),
(23, 'NARIÑO'),
(24, 'RISARALDA'),
(25, 'NORTE DE SANTANDER'),
(26, 'QUINDIO'),
(27, 'SANTANDER'),
(28, 'SUCRE'),
(29, 'TOLIMA'),
(31, 'VALLE'),
(40, 'ARAUCA'),
(44, 'CAQUETA'),
(46, 'CASANARE'),
(48, 'LA GUAJIRA'),
(50, 'GUAINIA'),
(52, 'META'),
(54, 'GUAVIARE'),
(56, 'SAN ANDRES'),
(60, 'AMAZONAS'),
(64, 'PUTUMAYO'),
(68, 'VAUPES'),
(72, 'VICHADA'),
(100, 'OFICINAS CENTRALES'),
(1, 'ANTIOQUIA'),
(3, 'ATLANTICO'),
(5, 'BOLIVAR'),
(7, 'BOYACA'),
(9, 'CALDAS'),
(11, 'CAUCA'),
(12, 'CESAR'),
(13, 'CORDOBA'),
(15, 'CUNDINAMARCA'),
(16, 'BOGOTA D.C.'),
(17, 'CHOCO'),
(19, 'HUILA'),
(21, 'MAGDALENA'),
(23, 'NARIÑO'),
(24, 'RISARALDA'),
(25, 'NORTE DE SANTANDER'),
(26, 'QUINDIO'),
(27, 'SANTANDER'),
(28, 'SUCRE'),
(29, 'TOLIMA'),
(31, 'VALLE'),
(40, 'ARAUCA'),
(44, 'CAQUETA'),
(46, 'CASANARE'),
(48, 'LA GUAJIRA'),
(50, 'GUAINIA'),
(52, 'META'),
(54, 'GUAVIARE'),
(56, 'SAN ANDRES'),
(60, 'AMAZONAS'),
(64, 'PUTUMAYO'),
(68, 'VAUPES'),
(72, 'VICHADA'),
(100, 'OFICINAS CENTRALES');

-- --------------------------------------------------------

--
-- Estructura de tabla para la tabla `funcionarios`
--

CREATE TABLE IF NOT EXISTS `funcionarios` (
  `id_documento` int(11) NOT NULL,
  `nombres` varchar(45) NOT NULL,
  `apellidos` varchar(45) NOT NULL,
  `email` varchar(45) NOT NULL,
  `departamentos_id` int(11) NOT NULL,
  `municipios_id` int(11) NOT NULL,
  `fecha` datetime NOT NULL
) ENGINE=InnoDB DEFAULT CHARSET=utf8;

--
-- Volcar la base de datos para la tabla `funcionarios`
--

INSERT INTO `funcionarios` (`id_documento`, `nombres`, `apellidos`, `email`, `departamentos_id`, `municipios_id`, `fecha`) VALUES
(9, 'p', 'p', 'p', 17, 571, '2015-04-16 15:11:35'),
(123456, 'p', 'p', 'p', 17, 571, '2015-04-16 15:33:17'),
(1012405406, 'diego fernando', 'gutierrez salinas', 'diego_salcerin@hotmail.com', 3, 51, '2015-04-15 17:11:37');

-- --------------------------------------------------------

--
-- Estructura de tabla para la tabla `menu`
--

CREATE TABLE IF NOT EXISTS `menu` (
  `idmenu` int(10) unsigned NOT NULL AUTO_INCREMENT,
  `nameMenu` varchar(20) COLLATE utf8_spanish_ci DEFAULT NULL,
  `linkMenu` longtext COLLATE utf8_spanish_ci,
  `descMenu` longtext COLLATE utf8_spanish_ci,
  `idModule` int(11) NOT NULL,
  PRIMARY KEY (`idmenu`),
  KEY `fk1` (`idModule`)
) ENGINE=MyISAM  DEFAULT CHARSET=utf8 COLLATE=utf8_spanish_ci AUTO_INCREMENT=6 ;

--
-- Volcar la base de datos para la tabla `menu`
--

INSERT INTO `menu` (`idmenu`, `nameMenu`, `linkMenu`, `descMenu`, `idModule`) VALUES
(5, 'Usuarios', 'admin/user_list.php', 'Al modulo de Usuarios', 5),
(2, 'Perfiles', 'admin/profile_list.php', 'Al modulo de perfiles', 4),
(3, 'Modulos', 'admin/module_list.php', 'Al administrador de Modulos', 8),
(4, 'Roles', 'admin/role_list.php', 'Al modulo de Roles', 9);

-- --------------------------------------------------------

--
-- Estructura de tabla para la tabla `modules`
--

CREATE TABLE IF NOT EXISTS `modules` (
  `idmodule` int(10) unsigned NOT NULL AUTO_INCREMENT,
  `codeModule` varchar(10) COLLATE utf8_spanish_ci NOT NULL,
  `nameModule` varchar(20) COLLATE utf8_spanish_ci NOT NULL,
  `descModule` varchar(250) COLLATE utf8_spanish_ci NOT NULL,
  `dateModule` date NOT NULL,
  `statusModu` set('Enabled','Disabled') COLLATE utf8_spanish_ci NOT NULL,
  PRIMARY KEY (`idmodule`)
) ENGINE=MyISAM  DEFAULT CHARSET=utf8 COLLATE=utf8_spanish_ci AUTO_INCREMENT=11 ;

--
-- Volcar la base de datos para la tabla `modules`
--

INSERT INTO `modules` (`idmodule`, `codeModule`, `nameModule`, `descModule`, `dateModule`, `statusModu`) VALUES
(4, 'MOD001', 'Perfiles', 'Modulo que controla los perfiles del sistema!', '2014-01-03', 'Enabled'),
(5, 'MOD002', 'Usuarios', 'Modulo para administrar los usuarios del sistema!', '2014-01-03', 'Enabled'),
(8, 'MOD003', 'Modulos', 'Módulo para administrar los modulos que van a usarse en el sistema!', '2014-01-08', 'Enabled'),
(9, 'MOD004', 'Roles', 'Modulo de asignación de Roles!', '2014-01-09', 'Enabled');

-- --------------------------------------------------------

--
-- Estructura de tabla para la tabla `mod_profile`
--

CREATE TABLE IF NOT EXISTS `mod_profile` (
  `idmod_prof` int(10) unsigned NOT NULL AUTO_INCREMENT,
  `idmodule` int(11) DEFAULT NULL,
  `idProfile` int(11) DEFAULT NULL,
  PRIMARY KEY (`idmod_prof`),
  KEY `fk1` (`idmodule`),
  KEY `fk2` (`idProfile`)
) ENGINE=MyISAM  DEFAULT CHARSET=utf8 COLLATE=utf8_spanish_ci AUTO_INCREMENT=50 ;

--
-- Volcar la base de datos para la tabla `mod_profile`
--

INSERT INTO `mod_profile` (`idmod_prof`, `idmodule`, `idProfile`) VALUES
(45, 9, 1),
(44, 8, 1),
(43, 5, 1),
(38, 9, 2),
(37, 8, 2),
(42, 4, 1),
(36, 5, 2),
(35, 4, 2);

-- --------------------------------------------------------

--
-- Estructura de tabla para la tabla `municipios`
--

CREATE TABLE IF NOT EXISTS `municipios` (
  `id` int(11) NOT NULL,
  `departamentos_id` int(11) NOT NULL,
  `nombre` varchar(45) DEFAULT NULL
) ENGINE=InnoDB DEFAULT CHARSET=utf8;

--
-- Volcar la base de datos para la tabla `municipios`
--

INSERT INTO `municipios` (`id`, `departamentos_id`, `nombre`) VALUES
(1, 1, 'MEDELLIN'),
(2, 1, 'ABEJORRAL'),
(3, 1, 'ABRIAQUI'),
(4, 1, 'ALEJANDRIA'),
(5, 1, 'AMAGA'),
(6, 1, 'AMALFI'),
(7, 1, 'ANDES'),
(8, 1, 'ANGELOPOLIS'),
(9, 1, 'ANGOSTURA'),
(10, 1, 'ANORI'),
(11, 1, 'ANTIOQUIA'),
(12, 1, 'ANZA'),
(13, 1, 'APARTADO'),
(14, 1, 'ARBOLETES'),
(15, 1, 'ARGELIA'),
(16, 1, 'ARMENIA'),
(17, 1, 'BARBOSA'),
(18, 1, 'BELMIRA'),
(19, 1, 'BELLO'),
(20, 1, 'BETANIA'),
(21, 1, 'BETULIA'),
(22, 1, 'BOLIVAR'),
(23, 1, 'BURITICA'),
(24, 1, 'BRICEO'),
(25, 1, 'CACERES'),
(26, 1, 'CAICEDO'),
(27, 1, 'CALDAS'),
(28, 1, 'CAMPAMENTO'),
(29, 1, 'CAASGORDAS'),
(30, 1, 'CARACOLI'),
(31, 1, 'CARAMANTA'),
(32, 1, 'CAREPA'),
(33, 1, 'CARMEN DE VIBORAL'),
(34, 1, 'CAROLINA'),
(35, 1, 'CAUCASIA'),
(36, 1, 'CISNEROS'),
(37, 1, 'COCORNA'),
(38, 1, 'CONCEPCION'),
(39, 1, 'CONCORDIA'),
(40, 1, 'COPACABANA'),
(41, 1, 'CHIGORODO'),
(42, 1, 'DABEIBA'),
(43, 1, 'DON MATIAS'),
(44, 1, 'EBEJICO'),
(45, 1, 'EL BAGRE'),
(46, 1, 'ENTRERRIOS'),
(47, 1, 'ENVIGADO'),
(48, 1, 'FREDONIA'),
(49, 1, 'FRONTINO'),
(50, 1, 'GIRALDO'),
(51, 1, 'GIRARDOTA'),
(52, 1, 'GOMEZ PLATA'),
(53, 1, 'GRANADA'),
(54, 1, 'GUADALUPE'),
(55, 1, 'GUARNE'),
(56, 1, 'GUATAPE'),
(57, 1, 'HELICONIA'),
(58, 1, 'HISPANIA'),
(59, 1, 'ITAGUI'),
(60, 1, 'ITUANGO'),
(61, 1, 'JARDIN'),
(62, 1, 'JERICO'),
(63, 1, 'LA CEJA'),
(64, 1, 'LA ESTRELLA'),
(65, 1, 'PUERTO NARE-LA MAGDALENA'),
(66, 1, 'LA UNION'),
(67, 1, 'LA PINTADA'),
(68, 1, 'LIBORINA'),
(69, 1, 'MACEO'),
(70, 1, 'MARINILLA'),
(71, 1, 'MONTEBELLO'),
(72, 1, 'MURINDO'),
(73, 1, 'MUTATA'),
(74, 1, 'NARIO'),
(75, 1, 'NECHI'),
(76, 1, 'NECOCLI'),
(77, 1, 'OLAYA'),
(78, 1, 'PEOL'),
(79, 1, 'PEQUE'),
(80, 1, 'PUEBLORRICO'),
(81, 1, 'PUERTO BERRIO'),
(82, 1, 'PUERTO TRIUNFO'),
(83, 1, 'REMEDIOS'),
(84, 1, 'RETIRO'),
(85, 1, 'RIONEGRO'),
(86, 1, 'SABANALARGA'),
(87, 1, 'SABANETA'),
(88, 1, 'SALGAR'),
(89, 1, 'SAN ANDRES'),
(90, 1, 'SAN CARLOS'),
(91, 1, 'SAN FRANCISCO'),
(92, 1, 'SAN JERONIMO'),
(93, 1, 'SAN JOSE DE LA MONTAA'),
(94, 1, 'SAN JUAN DE URABA'),
(95, 1, 'SAN LUIS'),
(96, 1, 'SAN PEDRO'),
(97, 1, 'SAN PEDRO DE URABA'),
(98, 1, 'SAN RAFAEL'),
(99, 1, 'SAN ROQUE'),
(100, 1, 'SAN VICENTE'),
(101, 1, 'SANTA BARBARA'),
(102, 1, 'SANTA ROSA DE OSOS'),
(103, 1, 'SANTO DOMINGO'),
(104, 1, 'SANTUARIO'),
(105, 1, 'SEGOVIA'),
(106, 1, 'SONSON'),
(107, 1, 'SOPETRAN'),
(108, 1, 'TAMESIS'),
(109, 1, 'TARAZA'),
(110, 1, 'TARSO'),
(111, 1, 'TITIRIBI'),
(112, 1, 'TOLEDO'),
(113, 1, 'TURBO'),
(114, 1, 'URAMITA'),
(115, 1, 'URRAO'),
(116, 1, 'VALDIVIA'),
(117, 1, 'VALPARAISO'),
(118, 1, 'VEGACHI'),
(119, 1, 'VIGIA DEL FUERTE'),
(120, 1, 'VENECIA'),
(121, 1, 'YALI'),
(122, 1, 'YARUMAL'),
(123, 1, 'YOLOMBO'),
(124, 1, 'YONDO-CASABE'),
(125, 1, 'ZARAGOZA'),
(126, 3, 'BARRANQUILLA'),
(127, 3, 'BARANOA'),
(128, 3, 'CAMPO DE LA CRUZ'),
(129, 3, 'CANDELARIA'),
(130, 3, 'GALAPA'),
(131, 3, 'JUAN DE ACOSTA'),
(132, 3, 'LURUACO'),
(133, 3, 'MALAMBO'),
(134, 3, 'MANATI'),
(135, 3, 'PALMAR DE VARELA'),
(136, 3, 'PIOJO'),
(137, 3, 'POLONUEVO'),
(138, 3, 'PONEDERA'),
(139, 3, 'PUERTO COLOMBIA'),
(140, 3, 'REPELON'),
(141, 3, 'SABANAGRANDE'),
(142, 3, 'SABANALARGA'),
(143, 3, 'SANTA LUCIA'),
(144, 3, 'SANTO TOMAS'),
(145, 3, 'SOLEDAD'),
(146, 3, 'SUAN'),
(147, 3, 'TUBARA'),
(148, 3, 'USIACURI'),
(149, 5, 'CARTAGENA'),
(150, 5, 'ACHI'),
(151, 5, 'ARENAL'),
(152, 5, 'ALTOS DEL ROSARIO'),
(153, 5, 'ARJONA'),
(154, 5, 'ARROYO HONDO'),
(155, 5, 'BARRANCO DE LOBA'),
(156, 5, 'CALAMAR'),
(157, 5, 'CANTAGALLO'),
(158, 5, 'CICUCO'),
(159, 5, 'CORDOBA'),
(160, 5, 'CLEMENCIA'),
(161, 5, 'EL CARMEN DE BOLIVAR'),
(162, 5, 'EL GUAMO'),
(163, 5, 'HATILLO DE LOBA'),
(164, 5, 'EL PEON'),
(165, 5, 'MAGANGUE'),
(166, 5, 'MAHATES'),
(167, 5, 'MARGARITA'),
(168, 5, 'MARIA LA BAJA'),
(169, 5, 'MONTECRISTO'),
(170, 5, 'MOMPOS'),
(171, 5, 'MORALES'),
(172, 5, 'NOROSI'),
(173, 5, 'PINILLOS'),
(174, 5, 'REGIDOR'),
(175, 5, 'RIOVIEJO'),
(176, 5, 'SAN ESTANISLAO'),
(177, 5, 'SAN CRISTOBAL'),
(178, 5, 'SAN FERNANDO'),
(179, 5, 'SAN JACINTO'),
(180, 5, 'SAN JACINTO DEL CAUCA'),
(181, 5, 'SAN JUAN NEPOMUCENO'),
(182, 5, 'SAN MARTIN DE LOBA'),
(183, 5, 'SAN PABLO'),
(184, 5, 'SANTA CATALINA'),
(185, 5, 'SANTA ROSA'),
(186, 5, 'SANTA ROSA DEL SUR'),
(187, 5, 'SIMITI'),
(188, 5, 'SOPLAVIENTO'),
(189, 5, 'TALAIGUA NUEVO'),
(190, 5, 'TIQUISIO (PTO. RICO)'),
(191, 5, 'TURBACO'),
(192, 5, 'TURBANA'),
(193, 5, 'VILLANUEVA'),
(194, 5, 'ZAMBRANO'),
(195, 7, 'TUNJA'),
(196, 7, 'ALMEIDA'),
(197, 7, 'AQUITANIA (PUEBLOVIEJO)'),
(198, 7, 'ARCABUCO'),
(199, 7, 'BELEN'),
(200, 7, 'BERBEO'),
(201, 7, 'BETEITIVA'),
(202, 7, 'BOAVITA'),
(203, 7, 'BOYACA'),
(204, 7, 'BRICEO'),
(205, 7, 'BUENAVISTA'),
(206, 7, 'BUSBANZA'),
(207, 7, 'CALDAS'),
(208, 7, 'CAMPOHERMOSO'),
(209, 7, 'CERINZA'),
(210, 7, 'CIENEGA'),
(211, 7, 'COMBITA'),
(212, 7, 'COPER'),
(213, 7, 'CORRALES'),
(214, 7, 'COVARACHIA'),
(215, 7, 'CUBARA'),
(216, 7, 'CUCAITA'),
(217, 7, 'CUITIVA'),
(218, 7, 'CHINAVITA'),
(219, 7, 'CHIQUINQUIRA'),
(220, 7, 'CHIQUIZA'),
(221, 7, 'CHISCAS'),
(222, 7, 'CHITA'),
(223, 7, 'CHITARAQUE'),
(224, 7, 'CHIVATA'),
(225, 7, 'CHIVOR'),
(226, 7, 'DUITAMA'),
(227, 7, 'EL COCUY'),
(228, 7, 'EL ESPINO'),
(229, 7, 'FIRAVITOBA'),
(230, 7, 'FLORESTA'),
(231, 7, 'GACHANTIVA'),
(232, 7, 'GAMEZA'),
(233, 7, 'GARAGOA'),
(234, 7, 'GUACAMAYAS'),
(235, 7, 'GUATEQUE'),
(236, 7, 'GUAYATA'),
(237, 7, 'GUICAN'),
(238, 7, 'IZA'),
(239, 7, 'JENESANO'),
(240, 7, 'JERICO'),
(241, 7, 'LABRANZAGRANDE'),
(242, 7, 'LA CAPILLA'),
(243, 7, 'LA UVITA'),
(244, 7, 'LA VICTORIA'),
(245, 7, 'VILLA DE LEIVA'),
(246, 7, 'MACANAL'),
(247, 7, 'MARIPI'),
(248, 7, 'MIRAFLORES'),
(249, 7, 'MONGUA'),
(250, 7, 'MONGUI'),
(251, 7, 'MONIQUIRA'),
(252, 7, 'MOTAVITA'),
(253, 7, 'MUZO'),
(254, 7, 'NOBSA'),
(255, 7, 'NUEVO COLON'),
(256, 7, 'OICATA'),
(257, 7, 'OTANCHE'),
(258, 7, 'PACHAVITA'),
(259, 7, 'PAEZ'),
(260, 7, 'PAIPA'),
(261, 7, 'PAJARITO'),
(262, 7, 'PANQUEBA'),
(263, 7, 'PAUNA'),
(264, 7, 'PAYA'),
(265, 7, 'PAZ DE RIO'),
(266, 7, 'PESCA'),
(267, 7, 'PISBA'),
(268, 7, 'PUERTO BOYACA'),
(269, 7, 'QUIPAMA'),
(270, 7, 'RAMIRIQUI'),
(271, 7, 'RAQUIRA'),
(272, 7, 'RONDON'),
(273, 7, 'SABOYA'),
(274, 7, 'SACHICA'),
(275, 7, 'SAMACA'),
(276, 7, 'SAN EDUARDO'),
(277, 7, 'SAN JOSE DE PARE'),
(278, 7, 'SAN LUIS DE GACENO'),
(279, 7, 'SAN MATEO'),
(280, 7, 'SAN MIGUEL DE SEMA'),
(281, 7, 'SAN PABLO DE BORBUR'),
(282, 7, 'SANTANA'),
(283, 7, 'SANTA MARIA'),
(284, 7, 'SANTA ROSA DE VITERBO'),
(285, 7, 'SANTA SOFIA'),
(286, 7, 'SATIVANORTE'),
(287, 7, 'SATIVASUR'),
(288, 7, 'SIACHOQUE'),
(289, 7, 'SOATA'),
(290, 7, 'SOCOTA'),
(291, 7, 'SOCHA'),
(292, 7, 'SOGAMOSO'),
(293, 7, 'SOMONDOCO'),
(294, 7, 'SORA'),
(295, 7, 'SORACA'),
(296, 7, 'SOTAQUIRA'),
(297, 7, 'SUSACON'),
(298, 7, 'SUTAMARCHAN'),
(299, 7, 'SUTATENZA'),
(300, 7, 'TASCO'),
(301, 7, 'TENZA'),
(302, 7, 'TIBANA'),
(303, 7, 'TIBASOSA'),
(304, 7, 'TINJACA'),
(305, 7, 'TIPACOQUE'),
(306, 7, 'TOCA'),
(307, 7, 'TOGUI'),
(308, 7, 'TOPAGA'),
(309, 7, 'TOTA'),
(310, 7, 'TUNUNGUA'),
(311, 7, 'TURMEQUE'),
(312, 7, 'TUTA'),
(313, 7, 'TUTAZA'),
(314, 7, 'UMBITA'),
(315, 7, 'VENTAQUEMADA'),
(316, 7, 'VIRACACHA'),
(317, 7, 'ZETAQUIRA'),
(318, 9, 'MANIZALES'),
(319, 9, 'AGUADAS'),
(320, 9, 'ANSERMA'),
(321, 9, 'ARANZAZU'),
(322, 9, 'BELALCAZAR'),
(323, 9, 'CHINCHINA'),
(324, 9, 'FILADELFIA'),
(325, 9, 'LA DORADA'),
(326, 9, 'LA MERCED'),
(327, 9, 'MANZANARES'),
(328, 9, 'MARMATO'),
(329, 9, 'MARQUETALIA'),
(330, 9, 'MARULANDA'),
(331, 9, 'NEIRA'),
(332, 9, 'NORCASIA'),
(333, 9, 'PACORA'),
(334, 9, 'PALESTINA'),
(335, 9, 'PENSILVANIA'),
(336, 9, 'RIOSUCIO'),
(337, 9, 'RISARALDA'),
(338, 9, 'SALAMINA'),
(339, 9, 'SAMANA'),
(340, 9, 'SAN JOSE'),
(341, 9, 'SUPIA'),
(342, 9, 'VICTORIA'),
(343, 9, 'VILLAMARIA'),
(344, 9, 'VITERBO'),
(345, 11, 'POPAYAN'),
(346, 11, 'ALMAGUER'),
(347, 11, 'ARGELIA'),
(348, 11, 'BALBOA'),
(349, 11, 'BOLIVAR'),
(350, 11, 'BUENOS AIRES'),
(351, 11, 'CAJIBIO'),
(352, 11, 'CALDONO'),
(353, 11, 'CALOTO'),
(354, 11, 'CORINTO'),
(355, 11, 'EL TAMBO'),
(356, 11, 'FLORENCIA'),
(357, 11, 'GUAPI'),
(358, 11, 'GUACHENE'),
(359, 11, 'INZA'),
(360, 11, 'JAMBALO'),
(361, 11, 'LA SIERRA'),
(362, 11, 'LA VEGA'),
(363, 11, 'LOPEZ (MICAY)'),
(364, 11, 'MERCADERES'),
(365, 11, 'MIRANDA'),
(366, 11, 'MORALES'),
(367, 11, 'PADILLA'),
(368, 11, 'PAEZ (BELALCAZAR)'),
(369, 11, 'PATIA (EL BORDO)'),
(370, 11, 'PIAMONTE'),
(371, 11, 'PIENDAMO'),
(372, 11, 'PUERTO TEJADA'),
(373, 11, 'PURACE (COCONUCO)'),
(374, 11, 'ROSAS'),
(375, 11, 'SAN SEBASTIAN'),
(376, 11, 'SANTANDER DE QUILICHAO'),
(377, 11, 'SANTA ROSA'),
(378, 11, 'SILVIA'),
(379, 11, 'SOTARA (PAISPAMBA)'),
(380, 11, 'SUCRE'),
(381, 11, 'SUAREZ'),
(382, 11, 'TIMBIO'),
(383, 11, 'TIMBIQUI'),
(384, 11, 'TORIBIO'),
(385, 11, 'TOTORO'),
(386, 11, 'VILLA RICA'),
(387, 12, 'VALLEDUPAR'),
(388, 12, 'AGUACHICA'),
(389, 12, 'AGUSTIN CODAZZI'),
(390, 12, 'ASTREA'),
(391, 12, 'BECERRIL'),
(392, 12, 'BOSCONIA'),
(393, 12, 'CURUMANI'),
(394, 12, 'CHIMICHAGUA'),
(395, 12, 'CHIRIGUANA'),
(396, 12, 'EL COPEY'),
(397, 12, 'EL PASO'),
(398, 12, 'GAMARRA'),
(399, 12, 'GONZALEZ'),
(400, 12, 'LA GLORIA'),
(401, 12, 'LA JAGUA DE IBIRICO'),
(402, 12, 'MANAURE BALCON DEL CESAR (MANA'),
(403, 12, 'PAILITAS'),
(404, 12, 'PELAYA'),
(405, 12, 'PUEBLO BELLO'),
(406, 12, 'RIO DE ORO'),
(407, 12, 'SAN ALBERTO'),
(408, 12, 'LA PAZ'),
(409, 12, 'SAN DIEGO'),
(410, 12, 'SAN MARTIN'),
(411, 12, 'TAMALAMEQUE'),
(412, 13, 'MONTERIA'),
(413, 13, 'AYAPEL'),
(414, 13, 'BUENAVISTA'),
(415, 13, 'CANALETE'),
(416, 13, 'CERETE'),
(417, 13, 'CIENAGA DE ORO'),
(418, 13, 'COTORRA (BONGO)'),
(419, 13, 'CHIMA'),
(420, 13, 'CHINU'),
(421, 13, 'LA APARTADA (FRONTERA)'),
(422, 13, 'LORICA'),
(423, 13, 'LOS CORDOBAS'),
(424, 13, 'MOMIL'),
(425, 13, 'MONTELIBANO'),
(426, 13, 'MOITOS'),
(427, 13, 'PLANETA RICA'),
(428, 13, 'PUEBLO NUEVO'),
(429, 13, 'PUERTO LIBERTADOR'),
(430, 13, 'PUERTO ESCONDIDO'),
(431, 13, 'PURISIMA'),
(432, 13, 'SAHAGUN'),
(433, 13, 'SAN ANDRES DE SOTAVENTO'),
(434, 13, 'SAN ANTERO'),
(435, 13, 'SAN BERNARDO DEL VIENTO'),
(436, 13, 'SAN CARLOS'),
(437, 13, 'SAN JOSE DE URE'),
(438, 13, 'SAN PELAYO'),
(439, 13, 'TIERRALTA'),
(440, 13, 'TUCHIN'),
(441, 13, 'VALENCIA'),
(442, 15, 'AGUA DE DIOS'),
(443, 15, 'ALBAN'),
(444, 15, 'ANAPOIMA'),
(445, 15, 'ANOLAIMA'),
(446, 15, 'ARBELAEZ'),
(447, 15, 'BELTRAN'),
(448, 15, 'BITUIMA'),
(449, 15, 'BOJACA'),
(450, 15, 'CABRERA'),
(451, 15, 'CACHIPAY'),
(452, 15, 'CAJICA'),
(453, 15, 'CAPARRAPI'),
(454, 15, 'CAQUEZA'),
(455, 15, 'CARMEN DE CARUPA'),
(456, 15, 'COGUA'),
(457, 15, 'COTA'),
(458, 15, 'CUCUNUBA'),
(459, 15, 'CHAGUANI'),
(460, 15, 'CHIA'),
(461, 15, 'CHIPAQUE'),
(462, 15, 'CHOACHI'),
(463, 15, 'CHOCONTA'),
(464, 15, 'EL COLEGIO'),
(465, 15, 'EL PEON'),
(466, 15, 'EL ROSAL'),
(467, 15, 'FACATATIVA'),
(468, 15, 'FOMEQUE'),
(469, 15, 'FOSCA'),
(470, 15, 'FUNZA'),
(471, 15, 'FUQUENE'),
(472, 15, 'FUSAGASUGA'),
(473, 15, 'GACHALA'),
(474, 15, 'GACHANCIPA'),
(475, 15, 'GACHETA'),
(476, 15, 'GAMA'),
(477, 15, 'GIRARDOT'),
(478, 15, 'GUACHETA'),
(479, 15, 'GUADUAS'),
(480, 15, 'GUASCA'),
(481, 15, 'GUATAQUI'),
(482, 15, 'GUATAVITA'),
(483, 15, 'GUAYABAL DE SIQUIMA'),
(484, 15, 'GUAYABETAL'),
(485, 15, 'GUTIERREZ'),
(486, 15, 'GRANADA'),
(487, 15, 'JERUSALEN'),
(488, 15, 'JUNIN'),
(489, 15, 'LA CALERA'),
(490, 15, 'LA MESA'),
(491, 15, 'LA PALMA'),
(492, 15, 'LA PEA'),
(493, 15, 'LA VEGA'),
(494, 15, 'LENGUAZAQUE'),
(495, 15, 'MACHETA'),
(496, 15, 'MADRID'),
(497, 15, 'MANTA'),
(498, 15, 'MEDINA'),
(499, 15, 'MOSQUERA'),
(500, 15, 'NARIO'),
(501, 15, 'NEMOCON'),
(502, 15, 'NILO'),
(503, 15, 'NIMAIMA'),
(504, 15, 'NOCAIMA'),
(505, 15, 'PACHO'),
(506, 15, 'PAIME'),
(507, 15, 'PANDI'),
(508, 15, 'PARATEBUENO (LA NAGUAYA)'),
(509, 15, 'PASCA'),
(510, 15, 'PUERTO SALGAR'),
(511, 15, 'PULI'),
(512, 15, 'QUEBRADANEGRA'),
(513, 15, 'QUETAME'),
(514, 15, 'QUIPILE'),
(515, 15, 'APULO'),
(516, 15, 'RICAURTE'),
(517, 15, 'SAN ANTONIO DEL TEQUENDAMA'),
(518, 15, 'SAN BERNARDO'),
(519, 15, 'SAN CAYETANO'),
(520, 15, 'SAN FRANCISCO'),
(521, 15, 'SAN JUAN DE RIOSECO'),
(522, 15, 'SASAIMA'),
(523, 15, 'SESQUILE'),
(524, 15, 'SIBATE'),
(525, 15, 'SILVANIA'),
(526, 15, 'SIMIJACA'),
(527, 15, 'SOACHA'),
(528, 15, 'SOPO'),
(529, 15, 'SUBACHOQUE'),
(530, 15, 'SUESCA'),
(531, 15, 'SUPATA'),
(532, 15, 'SUSA'),
(533, 15, 'SUTATAUSA'),
(534, 15, 'TABIO'),
(535, 15, 'TAUSA'),
(536, 15, 'TENA'),
(537, 15, 'TENJO'),
(538, 15, 'TIBACUY'),
(539, 15, 'TIBIRITA'),
(540, 15, 'TOCAIMA'),
(541, 15, 'TOCANCIPA'),
(542, 15, 'TOPAIPI'),
(543, 15, 'UBALA'),
(544, 15, 'UBAQUE'),
(545, 15, 'UBATE'),
(546, 15, 'UNE'),
(547, 15, 'UTICA'),
(548, 15, 'VENECIA'),
(549, 15, 'VERGARA'),
(550, 15, 'VIANI'),
(551, 15, 'VILLAGOMEZ'),
(552, 15, 'VILLAPINZON'),
(553, 15, 'VILLETA'),
(554, 15, 'VIOTA'),
(555, 15, 'YACOPI'),
(556, 15, 'ZIPACON'),
(557, 15, 'ZIPAQUIRA'),
(558, 16, 'BOGOTA D.C.'),
(559, 17, 'QUIBDO'),
(560, 17, 'ATRATO (YUTO)'),
(561, 17, 'ACANDI'),
(562, 17, 'ALTO BAUDO (PIE DE PATO)'),
(563, 17, 'BAGADO'),
(564, 17, 'BAHIA SOLANO (MUTIS)'),
(565, 17, 'BAJO BAUDO (PIZARRO)'),
(566, 17, 'BOJAYA (BELLAVISTA)'),
(567, 17, 'MEDIO ATRATO (BETE)'),
(568, 17, 'CONDOTO'),
(569, 17, 'CERTEGUI'),
(570, 17, 'CARMEN DEL DARIEN'),
(571, 17, 'EL CARMEN'),
(572, 17, 'EL CANTON DEL SAN PABLO (MAN.'),
(573, 17, 'ISTMINA'),
(574, 17, 'JURADO'),
(575, 17, 'LLORO'),
(576, 17, 'MEDIO BAUDO (PUERTO MELUK)'),
(577, 17, 'MEDIO SAN JUAN'),
(578, 17, 'NOVITA'),
(579, 17, 'NUQUI'),
(580, 17, 'RIO IRO'),
(581, 17, 'RIOSUCIO'),
(582, 17, 'RIO QUITO (PAIMADO)'),
(583, 17, 'SAN JOSE DEL PALMAR'),
(584, 17, 'EL LITORAL DEL SAN JUAN'),
(585, 17, 'SIPI'),
(586, 17, 'TADO'),
(587, 17, 'UNGUIA'),
(588, 17, 'UNION PANAMERICANA (LAS ANIMAS'),
(589, 19, 'NEIVA'),
(590, 19, 'ACEVEDO'),
(591, 19, 'AGRADO'),
(592, 19, 'AIPE'),
(593, 19, 'ALGECIRAS'),
(594, 19, 'ALTAMIRA'),
(595, 19, 'BARAYA'),
(596, 19, 'CAMPOALEGRE'),
(597, 19, 'TESALIA (CARNICERIAS)'),
(598, 19, 'COLOMBIA'),
(599, 19, 'ELIAS'),
(600, 19, 'GARZON'),
(601, 19, 'GIGANTE'),
(602, 19, 'GUADALUPE'),
(603, 19, 'HOBO'),
(604, 19, 'ISNOS'),
(605, 19, 'IQUIRA'),
(606, 19, 'LA ARGENTINA (PLATA VIEJA)'),
(607, 19, 'LA PLATA'),
(608, 19, 'NATAGA'),
(609, 19, 'OPORAPA'),
(610, 19, 'PAICOL'),
(611, 19, 'PALERMO'),
(612, 19, 'PALESTINA'),
(613, 19, 'PITAL'),
(614, 19, 'PITALITO'),
(615, 19, 'RIVERA'),
(616, 19, 'SALADOBLANCO'),
(617, 19, 'SAN AGUSTIN'),
(618, 19, 'SANTA MARIA'),
(619, 19, 'SUAZA'),
(620, 19, 'TARQUI'),
(621, 19, 'TELLO'),
(622, 19, 'TERUEL'),
(623, 19, 'TIMANA'),
(624, 19, 'VILLAVIEJA'),
(625, 19, 'YAGUARA'),
(626, 21, 'SANTA MARTA'),
(627, 21, 'ALGARROBO'),
(628, 21, 'ARACATACA'),
(629, 21, 'ARIGUANI (EL DIFICIL)'),
(630, 21, 'CERRO DE SAN ANTONIO'),
(631, 21, 'CHIVOLO'),
(632, 21, 'CIENAGA'),
(633, 21, 'CONCORDIA'),
(634, 21, 'EL BANCO'),
(635, 21, 'EL PION'),
(636, 21, 'EL RETEN'),
(637, 21, 'FUNDACION'),
(638, 21, 'GUAMAL'),
(639, 21, 'NUEVA GRANADA'),
(640, 21, 'PEDRAZA'),
(641, 21, 'PIJIO DEL CARMEN'),
(642, 21, 'PIVIJAY'),
(643, 21, 'PLATO'),
(644, 21, 'PUEBLOVIEJO'),
(645, 21, 'REMOLINO'),
(646, 21, 'SABANAS DE SAN ANGEL'),
(647, 21, 'SALAMINA'),
(648, 21, 'SAN SEBASTIAN DE BUENAVISTA'),
(649, 21, 'SAN ZENON'),
(650, 21, 'SANTA ANA'),
(651, 21, 'SANTA BARBARA DE PINTO'),
(652, 21, 'SITIONUEVO'),
(653, 21, 'TENERIFE'),
(654, 21, 'ZAPAYAN'),
(655, 21, 'ZONA BANANERA (SEVILLA)'),
(656, 23, 'PASTO'),
(657, 23, 'ALBAN (SAN JOSE)'),
(658, 23, 'ALDANA'),
(659, 23, 'ANCUYA'),
(660, 23, 'ARBOLEDA (BERRUECOS)'),
(661, 23, 'BARBACOAS'),
(662, 23, 'BELEN'),
(663, 23, 'BUESACO'),
(664, 23, 'COLON (GENOVA)'),
(665, 23, 'CONSACA'),
(666, 23, 'CONTADERO'),
(667, 23, 'CORDOBA'),
(668, 23, 'CUASPUD (CARLOSAMA)'),
(669, 23, 'CUMBAL'),
(670, 23, 'CHACHAGUI'),
(671, 23, 'CUMBITARA'),
(672, 23, 'EL ROSARIO'),
(673, 23, 'EL CHARCO'),
(674, 23, 'EL TABLON'),
(675, 23, 'EL PEOL'),
(676, 23, 'EL TAMBO'),
(677, 23, 'FRANCISCO PIZARRO (SALAHONDA)'),
(678, 23, 'FUNES'),
(679, 23, 'GUACHUCAL'),
(680, 23, 'GUAITARILLA'),
(681, 23, 'GUALMATAN'),
(682, 23, 'ILES'),
(683, 23, 'IMUES'),
(684, 23, 'IPIALES'),
(685, 23, 'LA CRUZ'),
(686, 23, 'LA FLORIDA'),
(687, 23, 'LA LLANADA'),
(688, 23, 'LA TOLA'),
(689, 23, 'LA UNION'),
(690, 23, 'LEIVA'),
(691, 23, 'LINARES'),
(692, 23, 'LOS ANDES (SOTOMAYOR)'),
(693, 23, 'MAGUI (PAYAN)'),
(694, 23, 'MALLAMA (PIEDRANCHA)'),
(695, 23, 'MOSQUERA'),
(696, 23, 'OLAYA HERRERA'),
(697, 23, 'NARIO'),
(698, 23, 'OSPINA'),
(699, 23, 'POLICARPA'),
(700, 23, 'POTOSI'),
(701, 23, 'PROVIDENCIA'),
(702, 23, 'PUERRES'),
(703, 23, 'PUPIALES'),
(704, 23, 'RICAURTE'),
(705, 23, 'ROBERTO PAYAN (SAN JOSE)'),
(706, 23, 'SAMANIEGO'),
(707, 23, 'SANDONA'),
(708, 23, 'SAN BERNARDO'),
(709, 23, 'SAN LORENZO'),
(710, 23, 'SAN PEDRO DE CARTAGO'),
(711, 23, 'SAN PABLO'),
(712, 23, 'SANTA BARBARA (ISCUANDE)'),
(713, 23, 'SANTACRUZ (GUACHAVES)'),
(714, 23, 'SAPUYES'),
(715, 23, 'TAMINANGO'),
(716, 23, 'TANGUA'),
(717, 23, 'TUMACO'),
(718, 23, 'TUQUERRES'),
(719, 23, 'YACUANQUER'),
(720, 24, 'PEREIRA'),
(721, 24, 'APIA'),
(722, 24, 'BALBOA'),
(723, 24, 'BELEN DE UMBRIA'),
(724, 24, 'DOSQUEBRADAS'),
(725, 24, 'GUATICA'),
(726, 24, 'LA CELIA'),
(727, 24, 'LA VIRGINIA'),
(728, 24, 'MARSELLA'),
(729, 24, 'MISTRATO'),
(730, 24, 'PUEBLO RICO'),
(731, 24, 'QUINCHIA'),
(732, 24, 'SANTA ROSA DE CABAL'),
(733, 24, 'SANTUARIO'),
(734, 25, 'CUCUTA'),
(735, 25, 'ABREGO'),
(736, 25, 'ARBOLEDAS'),
(737, 25, 'BOCHALEMA'),
(738, 25, 'BUCARASICA'),
(739, 25, 'CACOTA'),
(740, 25, 'CACHIRA'),
(741, 25, 'CONVENCION'),
(742, 25, 'CUCUTILLA'),
(743, 25, 'CHINACOTA'),
(744, 25, 'CHITAGA'),
(745, 25, 'DURANIA'),
(746, 25, 'EL TARRA'),
(747, 25, 'EL CARMEN'),
(748, 25, 'EL ZULIA'),
(749, 25, 'GRAMALOTE'),
(750, 25, 'HACARI'),
(751, 25, 'HERRAN'),
(752, 25, 'LABATECA'),
(753, 25, 'LA ESPERANZA'),
(754, 25, 'LA PLAYA'),
(755, 25, 'LOS PATIOS'),
(756, 25, 'LOURDES'),
(757, 25, 'MUTISCUA'),
(758, 25, 'OCAA'),
(759, 25, 'PAMPLONA'),
(760, 25, 'PAMPLONITA'),
(761, 25, 'PUERTO SANTANDER'),
(762, 25, 'RAGONVALIA'),
(763, 25, 'SALAZAR'),
(764, 25, 'SAN CALIXTO'),
(765, 25, 'SAN CAYETANO'),
(766, 25, 'SANTIAGO'),
(767, 25, 'SARDINATA'),
(768, 25, 'SILOS'),
(769, 25, 'TEORAMA'),
(770, 25, 'TIBU'),
(771, 25, 'TOLEDO'),
(772, 25, 'VILLA CARO'),
(773, 25, 'VILLA DEL ROSARIO'),
(774, 26, 'ARMENIA'),
(775, 26, 'BUENAVISTA'),
(776, 26, 'CALARCA'),
(777, 26, 'CIRCASIA'),
(778, 26, 'CORDOBA'),
(779, 26, 'FILANDIA'),
(780, 26, 'GENOVA'),
(781, 26, 'LA TEBAIDA'),
(782, 26, 'MONTENEGRO'),
(783, 26, 'PIJAO'),
(784, 26, 'QUIMBAYA'),
(785, 26, 'SALENTO'),
(786, 27, 'BUCARAMANGA'),
(787, 27, 'AGUADA'),
(788, 27, 'ALBANIA'),
(789, 27, 'ARATOCA'),
(790, 27, 'BARBOSA'),
(791, 27, 'BARICHARA'),
(792, 27, 'BARRANCABERMEJA'),
(793, 27, 'BETULIA'),
(794, 27, 'BOLIVAR'),
(795, 27, 'CABRERA'),
(796, 27, 'CALIFORNIA'),
(797, 27, 'CAPITANEJO'),
(798, 27, 'CARCASI'),
(799, 27, 'CEPITA'),
(800, 27, 'CERRITO'),
(801, 27, 'CIMITARRA'),
(802, 27, 'CONCEPCION'),
(803, 27, 'CONFINES'),
(804, 27, 'CONTRATACION'),
(805, 27, 'COROMORO'),
(806, 27, 'CURITI'),
(807, 27, 'CHARALA'),
(808, 27, 'CHARTA'),
(809, 27, 'CHIMA'),
(810, 27, 'CHIPATA'),
(811, 27, 'EL CARMEN'),
(812, 27, 'EL GUACAMAYO'),
(813, 27, 'EL PLAYON'),
(814, 27, 'EL PEON'),
(815, 27, 'ENCINO'),
(816, 27, 'ENCISO'),
(817, 27, 'FLORIAN'),
(818, 27, 'FLORIDABLANCA'),
(819, 27, 'GALAN'),
(820, 27, 'GAMBITA'),
(821, 27, 'GIRON'),
(822, 27, 'GUACA'),
(823, 27, 'GUADALUPE'),
(824, 27, 'GUAPOTA'),
(825, 27, 'GUAVATA'),
(826, 27, 'GUEPSA'),
(827, 27, 'HATO'),
(828, 27, 'JESUS MARIA'),
(829, 27, 'JORDAN'),
(830, 27, 'LA PAZ'),
(831, 27, 'LA BELLEZA'),
(832, 27, 'LANDAZURI'),
(833, 27, 'LEBRIJA'),
(834, 27, 'LOS SANTOS'),
(835, 27, 'MACARAVITA'),
(836, 27, 'MALAGA'),
(837, 27, 'MATANZA'),
(838, 27, 'MOGOTES'),
(839, 27, 'MOLAGAVITA'),
(840, 27, 'OCAMONTE'),
(841, 27, 'OIBA'),
(842, 27, 'ONZAGA'),
(843, 27, 'PALMAR'),
(844, 27, 'PALMAS DEL SOCORRO'),
(845, 27, 'PARAMO'),
(846, 27, 'PIEDECUESTA'),
(847, 27, 'PINCHOTE'),
(848, 27, 'PUENTE NACIONAL'),
(849, 27, 'PUERTO PARRA'),
(850, 27, 'PUERTO WILCHES'),
(851, 27, 'RIONEGRO'),
(852, 27, 'SABANA DE TORRES'),
(853, 27, 'SAN ANDRES'),
(854, 27, 'SAN BENITO'),
(855, 27, 'SAN GIL'),
(856, 27, 'SAN JOAQUIN'),
(857, 27, 'SAN JOSE DE MIRANDA'),
(858, 27, 'SAN MIGUEL'),
(859, 27, 'SAN VICENTE DE CHUCURI'),
(860, 27, 'SANTA HELENA DEL OPON'),
(861, 27, 'SANTA BARBARA'),
(862, 27, 'SIMACOTA'),
(863, 27, 'SOCORRO'),
(864, 27, 'SUAITA'),
(865, 27, 'SUCRE'),
(866, 27, 'SURATA'),
(867, 27, 'TONA'),
(868, 27, 'VALLE DE SAN JOSE'),
(869, 27, 'VETAS'),
(870, 27, 'VELEZ'),
(871, 27, 'VILLANUEVA'),
(872, 27, 'ZAPATOCA'),
(873, 28, 'SINCELEJO'),
(874, 28, 'BUENAVISTA'),
(875, 28, 'CAIMITO'),
(876, 28, 'COLOSO (RICAURTE)'),
(877, 28, 'COROZAL'),
(878, 28, 'COVEAS'),
(879, 28, 'EL ROBLE'),
(880, 28, 'CHALAN'),
(881, 28, 'GALERAS (NUEVA GRANADA)'),
(882, 28, 'GUARANDA'),
(883, 28, 'LA UNION'),
(884, 28, 'LOS PALMITOS'),
(885, 28, 'MAJAGUAL'),
(886, 28, 'MORROA'),
(887, 28, 'OVEJAS'),
(888, 28, 'PALMITO'),
(889, 28, 'SAMPUES'),
(890, 28, 'SAN BENITO ABAD'),
(891, 28, 'SAN JUAN DE BETULIA (BETULIA)'),
(892, 28, 'SAN MARCOS'),
(893, 28, 'SAN ONOFRE'),
(894, 28, 'SAN PEDRO'),
(895, 28, 'SINCE'),
(896, 28, 'SUCRE'),
(897, 28, 'TOLU'),
(898, 28, 'TOLUVIEJO'),
(899, 29, 'IBAGUE'),
(900, 29, 'ALPUJARRA'),
(901, 29, 'ALVARADO'),
(902, 29, 'AMBALEMA'),
(903, 29, 'ANZOATEGUI'),
(904, 29, 'ARMERO (GUAYABAL)'),
(905, 29, 'ATACO'),
(906, 29, 'CAJAMARCA'),
(907, 29, 'CARMEN DE APICALA'),
(908, 29, 'CASABIANCA'),
(909, 29, 'COELLO'),
(910, 29, 'COYAIMA'),
(911, 29, 'CUNDAY'),
(912, 29, 'CHAPARRAL'),
(913, 29, 'DOLORES'),
(914, 29, 'ESPINAL'),
(915, 29, 'FALAN'),
(916, 29, 'FLANDES'),
(917, 29, 'FRESNO'),
(918, 29, 'GUAMO'),
(919, 29, 'HERVEO'),
(920, 29, 'HONDA'),
(921, 29, 'ICONONZO'),
(922, 29, 'LERIDA'),
(923, 29, 'LIBANO'),
(924, 29, 'MARIQUITA'),
(925, 29, 'MELGAR'),
(926, 29, 'MURILLO'),
(927, 29, 'NATAGAIMA'),
(928, 29, 'ORTEGA'),
(929, 29, 'PALOCABILDO'),
(930, 29, 'PIEDRAS'),
(931, 29, 'PLANADAS'),
(932, 29, 'PRADO'),
(933, 29, 'PURIFICACION'),
(934, 29, 'RIOBLANCO'),
(935, 29, 'RONCESVALLES'),
(936, 29, 'ROVIRA'),
(937, 29, 'SALDAA'),
(938, 29, 'SAN ANTONIO'),
(939, 29, 'SAN LUIS'),
(940, 29, 'SANTA ISABEL'),
(941, 29, 'SUAREZ'),
(942, 29, 'VALLE DE SAN JUAN'),
(943, 29, 'VENADILLO'),
(944, 29, 'VILLAHERMOSA'),
(945, 29, 'VILLARRICA'),
(946, 31, 'CALI'),
(947, 31, 'ALCALA'),
(948, 31, 'ANDALUCIA'),
(949, 31, 'ANSERMANUEVO'),
(950, 31, 'ARGELIA'),
(951, 31, 'BOLIVAR'),
(952, 31, 'BUENAVENTURA'),
(953, 31, 'BUGA'),
(954, 31, 'BUGALAGRANDE'),
(955, 31, 'CAICEDONIA'),
(956, 31, 'CANDELARIA'),
(957, 31, 'CARTAGO'),
(958, 31, 'DAGUA'),
(959, 31, 'CALIMA (DARIEN)'),
(960, 31, 'EL AGUILA'),
(961, 31, 'EL CAIRO'),
(962, 31, 'EL CERRITO'),
(963, 31, 'EL DOVIO'),
(964, 31, 'FLORIDA'),
(965, 31, 'GINEBRA'),
(966, 31, 'GUACARI'),
(967, 31, 'JAMUNDI'),
(968, 31, 'LA CUMBRE'),
(969, 31, 'LA UNION'),
(970, 31, 'LA VICTORIA'),
(971, 31, 'OBANDO'),
(972, 31, 'PALMIRA'),
(973, 31, 'PRADERA'),
(974, 31, 'RESTREPO'),
(975, 31, 'RIOFRIO'),
(976, 31, 'ROLDANILLO'),
(977, 31, 'SAN PEDRO'),
(978, 31, 'SEVILLA'),
(979, 31, 'TORO'),
(980, 31, 'TRUJILLO'),
(981, 31, 'TULUA'),
(982, 31, 'ULLOA'),
(983, 31, 'VERSALLES'),
(984, 31, 'VIJES'),
(985, 31, 'YOTOCO'),
(986, 31, 'YUMBO'),
(987, 31, 'ZARZAL'),
(988, 40, 'ARAUCA'),
(989, 40, 'TAME'),
(990, 40, 'ARAUQUITA'),
(991, 40, 'CRAVO NORTE'),
(992, 40, 'FORTUL'),
(993, 40, 'PUERTO RONDON'),
(994, 40, 'SARAVENA'),
(995, 44, 'FLORENCIA'),
(996, 44, 'ALBANIA'),
(997, 44, 'CARTAGENA DEL CHAIRA'),
(998, 44, 'BELEN DE LOS ANDAQUIES'),
(999, 44, 'EL DONCELLO'),
(1000, 44, 'EL PAUJIL'),
(1001, 44, 'LA MONTAITA'),
(1002, 44, 'PUERTO RICO'),
(1003, 44, 'SAN VICENTE DEL CAGUAN'),
(1004, 44, 'CURILLO'),
(1005, 44, 'MILAN'),
(1006, 44, 'MORELIA'),
(1007, 44, 'SAN JOSE DEL FRAGUA'),
(1008, 44, 'SOLANO'),
(1009, 44, 'SOLITA'),
(1010, 44, 'VALPARAISO'),
(1011, 46, 'YOPAL'),
(1012, 46, 'AGUAZUL'),
(1013, 46, 'CHAMEZA'),
(1014, 46, 'HATO COROZAL'),
(1015, 46, 'LA SALINA'),
(1016, 46, 'MANI'),
(1017, 46, 'MONTERREY'),
(1018, 46, 'NUNCHIA'),
(1019, 46, 'OROCUE'),
(1020, 46, 'PAZ DE ARIPORO (MORENO)'),
(1021, 46, 'PORE'),
(1022, 46, 'RECETOR'),
(1023, 46, 'SABANALARGA'),
(1024, 46, 'SACAMA'),
(1025, 46, 'SAN LUIS DE PALENQUE'),
(1026, 46, 'TAMARA'),
(1027, 46, 'TAURAMENA'),
(1028, 46, 'TRINIDAD'),
(1029, 46, 'VILLANUEVA'),
(1030, 48, 'RIOHACHA'),
(1031, 48, 'ALBANIA'),
(1032, 48, 'BARRANCAS'),
(1033, 48, 'DIBULLA'),
(1034, 48, 'EL MOLINO'),
(1035, 48, 'FONSECA'),
(1036, 48, 'DISTRACCION'),
(1037, 48, 'HATONUEVO'),
(1038, 48, 'MAICAO'),
(1039, 48, 'MANAURE'),
(1040, 48, 'LA JAGUA DEL PILAR'),
(1041, 48, 'SAN JUAN DEL CESAR'),
(1042, 48, 'URIBIA'),
(1043, 48, 'URUMITA'),
(1044, 48, 'VILLANUEVA'),
(1045, 50, 'INIRIDA'),
(1046, 50, 'MAPIRIPANA'),
(1047, 50, 'BARRANCO MINAS'),
(1048, 50, 'CACAHUAL'),
(1049, 50, 'LA GUADALUPE'),
(1050, 50, 'MORICHAL (MORICHAL NUEVO)'),
(1051, 50, 'PANA PANA (CAMPO ALEGRE)'),
(1052, 50, 'PUERTO COLOMBIA'),
(1053, 50, 'SAN FELIPE'),
(1054, 52, 'VILLAVICENCIO'),
(1055, 52, 'ACACIAS'),
(1056, 52, 'BARRANCA DE UPIA'),
(1057, 52, 'CABUYARO'),
(1058, 52, 'CASTILLA LA NUEVA'),
(1059, 52, 'CUBARRAL'),
(1060, 52, 'CUMARAL'),
(1061, 52, 'EL CALVARIO'),
(1062, 52, 'EL CASTILLO'),
(1063, 52, 'EL DORADO'),
(1064, 52, 'FUENTE DE ORO'),
(1065, 52, 'GRANADA'),
(1066, 52, 'GUAMAL'),
(1067, 52, 'LA MACARENA'),
(1068, 52, 'LEJANIAS'),
(1069, 52, 'PUERTO GAITAN'),
(1070, 52, 'MESETAS'),
(1071, 52, 'PUERTO LOPEZ'),
(1072, 52, 'MAPIRIPAN'),
(1073, 52, 'PUERTO CONCORDIA'),
(1074, 52, 'PUERTO LLERAS'),
(1075, 52, 'PUERTO RICO'),
(1076, 52, 'RESTREPO'),
(1077, 52, 'SAN CARLOS DE GUAROA'),
(1078, 52, 'SAN JUAN DE ARAMA'),
(1079, 52, 'SAN JUANITO'),
(1080, 52, 'SAN MARTIN DE LOS LLANOS'),
(1081, 52, 'URIBE'),
(1082, 52, 'VISTA HERMOSA'),
(1083, 54, 'SAN JOSE DEL GUAVIARE'),
(1084, 54, 'CALAMAR'),
(1085, 54, 'EL RETORNO'),
(1086, 54, 'MIRAFLORES'),
(1087, 56, 'SAN ANDRES'),
(1088, 56, 'PROVIDENCIA'),
(1089, 60, 'LETICIA'),
(1090, 60, 'PUERTO NARIO'),
(1091, 60, 'EL ENCANTO'),
(1092, 60, 'LA CHORRERA'),
(1093, 60, 'LA PEDRERA'),
(1094, 60, 'LA VICTORIA'),
(1095, 60, 'MIRITI PARANA'),
(1096, 60, 'PUERTO SANTANDER'),
(1097, 60, 'TARAPACA'),
(1098, 60, 'PUERTO ALEGRIA'),
(1099, 60, 'PUERTO ARICA'),
(1100, 64, 'MOCOA'),
(1101, 64, 'PUERTO ASIS'),
(1102, 64, 'PUERTO LEGUIZAMO'),
(1103, 64, 'COLON'),
(1104, 64, 'SAN FRANCISCO'),
(1105, 64, 'SANTIAGO'),
(1106, 64, 'SAN MIGUEL (LA DORADA)'),
(1107, 64, 'SIBUNDOY'),
(1108, 64, 'ORITO'),
(1109, 64, 'PUERTO GUZMAN'),
(1110, 64, 'PUERTO CAICEDO'),
(1111, 64, 'VALLE DEL GUAMUEZ (LA HORMIGA)'),
(1112, 64, 'VILLAGARZON'),
(1113, 68, 'MITU'),
(1114, 68, 'CARURU'),
(1115, 68, 'MORICHAL (PAPUNAGUA)'),
(1116, 68, 'BUENOS AIRES (PACOA)'),
(1117, 68, 'TARAIRA'),
(1118, 68, 'YAVARATE'),
(1119, 72, 'PUERTO CARREO'),
(1120, 72, 'SANTA ROSALIA'),
(1121, 72, 'CUMARIBO'),
(1122, 72, 'LA PRIMAVERA');

-- --------------------------------------------------------

--
-- Estructura de tabla para la tabla `profiles`
--

CREATE TABLE IF NOT EXISTS `profiles` (
  `idProfile` int(10) unsigned NOT NULL AUTO_INCREMENT,
  `codeProfi` varchar(10) COLLATE utf8_spanish_ci NOT NULL,
  `nameProfi` varchar(10) COLLATE utf8_spanish_ci NOT NULL,
  `descProfi` varchar(250) COLLATE utf8_spanish_ci NOT NULL,
  `dateProfi` date NOT NULL,
  `statusPro` set('Enabled','Disabled') COLLATE utf8_spanish_ci NOT NULL,
  PRIMARY KEY (`idProfile`)
) ENGINE=MyISAM  DEFAULT CHARSET=utf8 COLLATE=utf8_spanish_ci AUTO_INCREMENT=14 ;

--
-- Volcar la base de datos para la tabla `profiles`
--

INSERT INTO `profiles` (`idProfile`, `codeProfi`, `nameProfi`, `descProfi`, `dateProfi`, `statusPro`) VALUES
(1, 'PRO001', 'Standard', 'Usuarios Básicos', '2014-01-03', 'Enabled'),
(2, 'PRO002', 'Admin', 'Usuarios Administradores', '2014-01-03', 'Enabled'),
(6, 'PRO003', 'Estudiante', 'Este es un perfil creado para solo estudiantes!', '2014-01-08', 'Enabled'),
(12, 'PRO004', 'Docentes', 'Este perfil es para que los docentes puedan entrar!', '2014-01-09', 'Enabled');

-- --------------------------------------------------------

--
-- Estructura de tabla para la tabla `registradurias`
--

CREATE TABLE IF NOT EXISTS `registradurias` (
  `id` int(11) NOT NULL DEFAULT '0',
  `nombre` varchar(45) DEFAULT NULL,
  `departamentos_id` int(11) NOT NULL,
  `municipios_id` int(11) NOT NULL
) ENGINE=InnoDB DEFAULT CHARSET=utf8;

--
-- Volcar la base de datos para la tabla `registradurias`
--

INSERT INTO `registradurias` (`id`, `nombre`, `departamentos_id`, `municipios_id`) VALUES
(3, '3', 5, 101),
(4, '3', 5, 101);

-- --------------------------------------------------------

--
-- Estructura de tabla para la tabla `registro`
--

CREATE TABLE IF NOT EXISTS `registro` (
  `reg_id` int(11) NOT NULL AUTO_INCREMENT,
  `reg_ticket_num` int(11) NOT NULL,
  `reg_tipo_sede` varchar(128) CHARACTER SET utf16 COLLATE utf16_bin NOT NULL,
  `reg_sede` varchar(128) CHARACTER SET utf16 COLLATE utf16_bin NOT NULL,
  `reg_fecha_creacion` datetime NOT NULL,
  `reg_fecha_cierre` datetime NOT NULL,
  `reg_cola` varchar(128) CHARACTER SET utf16 COLLATE utf16_bin NOT NULL,
  `reg_estado` varchar(128) CHARACTER SET utf16 COLLATE utf16_bin NOT NULL,
  `reg_cliente` varchar(128) CHARACTER SET utf16 COLLATE utf16_bin NOT NULL,
  `reg_tipo` varchar(128) CHARACTER SET utf16 COLLATE utf16_bin NOT NULL,
  `reg_falla` varchar(128) CHARACTER SET utf16 COLLATE utf16_bin NOT NULL,
  `reg_responsabilidad` varchar(128) CHARACTER SET utf16 COLLATE utf16_bin NOT NULL,
  `reg_observacion` varchar(256) CHARACTER SET utf16 COLLATE utf16_bin NOT NULL,
  `reg_indisponibilidad1` int(11) DEFAULT NULL,
  `reg_indisponibilidad2` int(11) DEFAULT NULL,
  PRIMARY KEY (`reg_id`)
) ENGINE=InnoDB  DEFAULT CHARSET=latin1 AUTO_INCREMENT=10 ;

--
-- Volcar la base de datos para la tabla `registro`
--

INSERT INTO `registro` (`reg_id`, `reg_ticket_num`, `reg_tipo_sede`, `reg_sede`, `reg_fecha_creacion`, `reg_fecha_cierre`, `reg_cola`, `reg_estado`, `reg_cliente`, `reg_tipo`, `reg_falla`, `reg_responsabilidad`, `reg_observacion`, `reg_indisponibilidad1`, `reg_indisponibilidad2`) VALUES
(6, 123456, 'municipal', 'municipal', '0000-00-00 00:00:00', '0000-00-00 00:00:00', 'U_Closed_Tk', 'Abierto', 'une', 'Phone', 'prueba', 'Une', 'prueba', NULL, NULL),
(7, 123456, 'municipal', 'municipal', '2015-06-14 00:00:00', '2015-06-16 00:00:00', 'U_Closed_Tk', 'Abierto', 'une', 'Phone', 'prueba', 'Une', 'prueba', NULL, NULL),
(8, 123456, 'municipal', 'municipal', '2015-06-14 00:00:00', '2015-06-16 00:00:00', 'U_Closed_Tk', 'Abierto', 'une', 'Phone', 'prueba', 'Une', 'prueba', NULL, NULL);

-- --------------------------------------------------------

--
-- Estructura de tabla para la tabla `roles`
--

CREATE TABLE IF NOT EXISTS `roles` (
  `idRole` int(10) unsigned NOT NULL AUTO_INCREMENT,
  `codeRole` varchar(10) COLLATE utf8_spanish_ci NOT NULL,
  `nameRole` varchar(250) COLLATE utf8_spanish_ci NOT NULL,
  `descRole` longtext COLLATE utf8_spanish_ci NOT NULL,
  `dateRole` date NOT NULL,
  `statRole` set('Enabled','Disabled') COLLATE utf8_spanish_ci NOT NULL,
  `idmodule` int(11) NOT NULL,
  PRIMARY KEY (`idRole`)
) ENGINE=MyISAM  DEFAULT CHARSET=utf8 COLLATE=utf8_spanish_ci AUTO_INCREMENT=13 ;

--
-- Volcar la base de datos para la tabla `roles`
--

INSERT INTO `roles` (`idRole`, `codeRole`, `nameRole`, `descRole`, `dateRole`, `statRole`, `idmodule`) VALUES
(1, 'ROLE001', 'Crear', 'Éste rol tiene como objetivo permitir la creación de usuarios nuevos en el Sistema.', '2014-01-07', 'Enabled', 5),
(3, 'ROLE002', 'Modificar', 'Éste rol permite modificar los usuarios del sistema!', '2014-01-07', 'Enabled', 5),
(4, 'ROLE003', 'Borrar', 'Este Rol permite eliminar usuarios del sistema!', '2014-01-07', 'Enabled', 5),
(5, 'ROLE004', 'Crear', 'Este Rol permite la creación de nuevos perfiles en el sistema!', '2014-01-07', 'Enabled', 4),
(6, 'ROLE005', 'Modificar', 'Este rol es para poder Modificar Perfiles en el Sistema!', '2014-01-08', 'Enabled', 4),
(7, 'ROLE006', 'Borrar', 'Este modulo es para Eliminar perfiles del Sistema!', '2014-01-08', 'Enabled', 4),
(8, 'ROLE007', 'Crear', 'Permite la creación de Módulos en el Sistema!', '2014-01-08', 'Enabled', 8),
(9, 'ROLE008', 'Modificar', 'Permite la modificación de los módulos del sistema!', '2014-01-08', 'Enabled', 8),
(10, 'ROLE009', 'Borrar', 'Permite la eliminación de Módulos en el Sistema!', '2014-01-08', 'Enabled', 8),
(11, 'ROLE010', 'Asignar', 'Rol de Asignación de Roles a los usuarios!', '2014-01-09', 'Enabled', 5);

-- --------------------------------------------------------

--
-- Estructura de tabla para la tabla `role_user`
--

CREATE TABLE IF NOT EXISTS `role_user` (
  `idRolUs` int(10) unsigned NOT NULL AUTO_INCREMENT,
  `idUsers` int(11) NOT NULL,
  `idRole` int(11) NOT NULL,
  PRIMARY KEY (`idRolUs`),
  KEY `fk1` (`idUsers`),
  KEY `fk2` (`idRole`)
) ENGINE=MyISAM  DEFAULT CHARSET=utf8 COLLATE=utf8_spanish_ci AUTO_INCREMENT=293 ;

--
-- Volcar la base de datos para la tabla `role_user`
--

INSERT INTO `role_user` (`idRolUs`, `idUsers`, `idRole`) VALUES
(252, 2, 11),
(251, 2, 10),
(250, 2, 9),
(291, 1, 7),
(290, 1, 6),
(289, 1, 5),
(288, 1, 11),
(287, 1, 4),
(286, 1, 3),
(285, 1, 1),
(284, 1, 10),
(283, 1, 9),
(282, 1, 8),
(249, 2, 8),
(248, 2, 7),
(247, 2, 6),
(246, 2, 5),
(245, 2, 4),
(244, 2, 3),
(243, 2, 1),
(292, 8, 8);

-- --------------------------------------------------------

--
-- Estructura de tabla para la tabla `users`
--

CREATE TABLE IF NOT EXISTS `users` (
  `idUsers` int(10) unsigned NOT NULL AUTO_INCREMENT,
  `loginUsers` varchar(15) COLLATE utf8_spanish_ci NOT NULL,
  `passUsers` varchar(10) COLLATE utf8_spanish_ci NOT NULL,
  `emailUser` varchar(50) COLLATE utf8_spanish_ci NOT NULL,
  `idActiveCode` varchar(50) COLLATE utf8_spanish_ci DEFAULT NULL,
  `path_imgUser` longtext COLLATE utf8_spanish_ci,
  `statusUsers` set('Enabled','Disabled') COLLATE utf8_spanish_ci NOT NULL,
  `idexistindb` int(11) NOT NULL,
  PRIMARY KEY (`idUsers`)
) ENGINE=MyISAM  DEFAULT CHARSET=utf8 COLLATE=utf8_spanish_ci AUTO_INCREMENT=19 ;

--
-- Volcar la base de datos para la tabla `users`
--

INSERT INTO `users` (`idUsers`, `loginUsers`, `passUsers`, `emailUser`, `idActiveCode`, `path_imgUser`, `statusUsers`, `idexistindb`) VALUES
(1, 'usertest', '12345', 'usertest@usertest.me', 'jlaksjdlakjsldjalskdja', 'none', 'Enabled', 1),
(2, 'userAdmin', 'userAdmin', 'userAdmin@userAdmin.me', 'nosequeponer', 'none', 'Enabled', 1),
(7, 'pruebaMPro', '1111', 'prueba1@prueba.me', '1', 'images', 'Enabled', 1),
(8, 'pruebaMpro1', 'jjjj', 'prueba1@prueba.me', '1', 'images', 'Enabled', 1);

-- --------------------------------------------------------

--
-- Estructura de tabla para la tabla `user_pro`
--

CREATE TABLE IF NOT EXISTS `user_pro` (
  `idUserPro` int(10) unsigned NOT NULL AUTO_INCREMENT,
  `idProfile` int(11) NOT NULL,
  `idUsers` int(11) NOT NULL,
  `default` int(11) NOT NULL,
  PRIMARY KEY (`idUserPro`),
  KEY `fk1` (`idProfile`),
  KEY `fk2` (`idUsers`)
) ENGINE=MyISAM  DEFAULT CHARSET=utf8 COLLATE=utf8_spanish_ci AUTO_INCREMENT=93 ;

--
-- Volcar la base de datos para la tabla `user_pro`
--

INSERT INTO `user_pro` (`idUserPro`, `idProfile`, `idUsers`, `default`) VALUES
(1, 1, 7, 0),
(2, 2, 7, 0),
(92, 2, 8, 1),
(57, 2, 2, 1),
(72, 2, 1, 0),
(71, 1, 1, 1),
(91, 1, 8, 0);

-- --------------------------------------------------------

--
-- Estructura de tabla para la tabla `usuarios`
--

CREATE TABLE IF NOT EXISTS `usuarios` (
  `id_documento` int(11) NOT NULL,
  `usuario` varchar(45) NOT NULL,
  `nombres` varchar(45) NOT NULL,
  `apellidos` varchar(45) NOT NULL,
  `email` varchar(45) NOT NULL,
  `pass` varchar(45) NOT NULL,
  `activa` int(11) NOT NULL,
  `perfiles_id` int(11) NOT NULL
) ENGINE=InnoDB DEFAULT CHARSET=utf8;

--
-- Volcar la base de datos para la tabla `usuarios`
--

INSERT INTO `usuarios` (`id_documento`, `usuario`, `nombres`, `apellidos`, `email`, `pass`, `activa`, `perfiles_id`) VALUES
(1012403403, 'dfgutierrez', 'diego fernando', 'gutierrez salinas', 'dfgutierrez@registraduria.gov.co', 'colombia123', 1, 1),
(1128054855, 'rnunez', 'Ronald', 'Nuñez Barcos', 'ronald.nunez.barcos@gmail.com', 'colombia123', 1, 1);
